{
    "R-squared": 0.46782780683415526,
    "Mean Absolute Error (MAE)": 0.4621607374387463,
    "Root Mean Squared Error (RMSE)": 0.6440383893517696
}