{
    "R-squared": 0.44661712646484375,
    "Mean Absolute Error (MAE)": 0.4774203598499298,
    "Root Mean Squared Error (RMSE)": 0.6567476520082506
}