{
    "R-squared": 0.6885820052339463,
    "Mean Absolute Error (MAE)": 0.3460218875107003,
    "Root Mean Squared Error (RMSE)": 0.49187260965197455
}