{
    "R-squared": 0.45874351263046265,
    "Mean Absolute Error (MAE)": 0.4655572772026062,
    "Root Mean Squared Error (RMSE)": 0.643212558876855
}